method,mean_quality,std_quality,mean_cost,std_cost,mean_latency,std_latency
Greedy-Cost,10.834053999691625,11.488035065596552,0.24933953831875283,0.14473007619016315,1011.0004805246663,281.5879791154749
Greedy-Quality,9.753613860810686,10.506021394142897,0.2560350398901911,0.1426746187216435,1000.374722787845,283.5978666620135
MetaPipe,8.972748287963356,9.487646747389018,0.2465891187173484,0.14177233273222595,992.7089949347549,281.4033029998575
Random,10.389054807208405,10.27981730815747,0.2534676801807436,0.1418416376649883,1012.0012522514868,284.07755595515744
Static-Best,9.68742402479329,9.989402886463832,0.250314344965834,0.1469776418056969,970.5572870708532,288.0997735989812
Thompson,10.411060902037471,11.004887060934081,0.2534778219703921,0.14454180212517645,981.0126353395799,283.7572530997269
