Metric,Original,Optimized,Reduction (ms),Reduction (%)
Mean (ms),3.3919673216970345,1.0034573705572831,2.3885099511397514,70.41665572251907
Median (ms),2.132534980773926,0.6494522094726562,1.4830827713012695,69.54553077310078
Std (ms),2.894122508877097,0.723662961174785,2.170459547702312,74.9954274929584
P95 (ms),9.044051170349118,2.38537788391113,6.658673286437987,73.62489619992884
P99 (ms),13.38005065917968,2.964937686920152,10.415112972259529,77.84060940841064
