domain,dataset,method,mean_quality,std_quality,mean_cost,std_cost,mean_latency,std_latency
climate,temperature,MetaPipe,47.76939292821353,55.00776481450584,0.2464168788145162,0.1387771168450126,995.2563467715232,299.0466235187042
climate,temperature,Random,58.741299464558445,61.216486146084314,0.2407505426461455,0.1463380246244918,1014.7519721914282,288.75695762937227
climate,temperature,Greedy-Cost,62.11307529285752,70.11480640129864,0.2390579414400024,0.1348812938195994,1063.8938863417598,270.02375226580034
climate,temperature,Greedy-Quality,54.5788804634204,62.94192370860356,0.2524763288942987,0.1483714251150187,987.354884584914,279.68587566609256
climate,temperature,Thompson,59.44928882058323,66.56184736298697,0.2387286400921588,0.1518057248069904,936.394572011218,272.04314236068825
climate,temperature,Static-Best,53.98763113832705,59.148571620761075,0.239692648864111,0.1514993316893421,986.121043190212,304.52748866434234
