domain,dataset,method,mean_quality,std_quality,mean_cost,std_cost,mean_latency,std_latency
healthcare,mimic_vitals,MetaPipe,2.182102410093563,1.6297891704632896,0.2561429065387905,0.1341049880301906,1053.4866401333184,273.257269207924
healthcare,mimic_vitals,Random,2.4326850313889254,2.214973065005143,0.2416754231223757,0.1342383778930663,1024.8506153124686,273.04185423345643
healthcare,mimic_vitals,Greedy-Cost,2.386783376002924,1.8447509102622188,0.2318685010161086,0.1515472312952147,990.0988105006452,292.07529969047005
healthcare,mimic_vitals,Greedy-Quality,2.504704798040463,1.9875091272260073,0.2741611637167802,0.1436255270480652,1014.3022094556122,287.12645527345836
healthcare,mimic_vitals,Thompson,2.3867478531656072,1.8000564432837307,0.2811477065664933,0.1355291299362288,972.689257661641,265.47309892090834
healthcare,mimic_vitals,Static-Best,2.5994433884511845,2.0810174067976615,0.2563962869394749,0.1497478748537189,974.7472491334796,278.5951857181325
